focus_variance_of_laplacian,noise_mad_sigma,contrast_spread,entropy,filename,magnification,scope,tile_row,tile_col,tile_top_px,tile_left_px,tile_height_px,tile_width_px,illumination_level,illumination_range_frac,illumination_flag
0.07733208651308363,0.022637084126472473,0.5771725475788116,16.486417155035987,62990661-C-100X.JPG,100,image,-1,-1,0,0,2304,3456,0.5041419267654419,0.21736469864845276,True
0.04691123426029012,0.017011482268571854,0.5236340969800948,15.807296168539953,62990661-C-100X.JPG,100,tile,0,0,0,0,512,512,0.48807352781295776,0.05399283766746521,False
0.06057882038014843,0.019711049273610115,0.5414431393146515,15.80131335123601,62990661-C-100X.JPG,100,tile,0,1,0,512,512,512,0.5007191896438599,0.05411696061491966,False
0.07669759879571544,0.022684141993522644,0.548917680978775,15.760816766536445,62990661-C-100X.JPG,100,tile,0,2,0,1024,512,512,0.5114828944206238,0.027371658012270927,False
0.08667173277874946,0.02383270673453808,0.5687550976872444,15.69762116618074,62990661-C-100X.JPG,100,tile,0,3,0,1536,512,512,0.5127624273300171,0.028219828382134438,False
0.08971845165971415,0.025397272780537605,0.5886784344911575,15.9239182937551,62990661-C-100X.JPG,100,tile,0,4,0,2048,512,512,0.5154727697372437,0.025755271315574646,False
0.07057182104534962,0.02129928581416607,0.5978464245796202,15.910318902480206,62990661-C-100X.JPG,100,tile,0,5,0,2560,512,512,0.530966579914093,0.042562320828437805,False
0.05360260562718083,0.019208334386348724,0.5874966524541378,15.906910824005633,62990661-C-100X.JPG,100,tile,0,6,0,3072,512,384,0.5368761420249939,0.07055424898862839,False
0.06621321669220517,0.020156100392341614,0.5422117859125137,15.872365323086042,62990661-C-100X.JPG,100,tile,1,0,512,0,512,512,0.48129600286483765,0.019556893035769463,False
0.08200212398254876,0.023514045402407646,0.5440627485513687,15.708103609849253,62990661-C-100X.JPG,100,tile,1,1,512,512,512,512,0.4985024333000183,0.0389421209692955,False
0.08561945028487303,0.023810701444745064,0.5324739575386046,15.338857775496905,62990661-C-100X.JPG,100,tile,1,2,512,1024,512,512,0.5195211172103882,0.023725058883428574,False
0.11108181010832296,0.027939628809690475,0.5466823428869247,15.166911601373304,62990661-C-100X.JPG,100,tile,1,3,512,1536,512,512,0.5236648321151733,0.014115912839770317,False
0.10974839843158318,0.0274191964417696,0.5782078951597214,15.503228917095363,62990661-C-100X.JPG,100,tile,1,4,512,2048,512,512,0.5242511034011841,0.009954910725355148,False
0.08276841657121739,0.02382420003414154,0.5953249096870422,15.907292188652942,62990661-C-100X.JPG,100,tile,1,5,512,2560,512,512,0.5269065499305725,0.02155476063489914,False
0.05751289353553419,0.01961812749505043,0.582572603970766,15.843372570674575,62990661-C-100X.JPG,100,tile,1,6,512,3072,512,384,0.5379858613014221,0.013502216897904873,False
0.06774197707722548,0.020778799429535866,0.541713759303093,15.96156275922359,62990661-C-100X.JPG,100,tile,2,0,1024,0,512,512,0.4638795256614685,0.048616163432598114,False
0.09224572333835912,0.024730036035180092,0.5644649296998975,15.750114166945313,62990661-C-100X.JPG,100,tile,2,1,1024,512,512,512,0.48526567220687866,0.055795878171920776,False
0.10993755703028388,0.027378391474485397,0.5518850699067116,15.263441817403637,62990661-C-100X.JPG,100,tile,2,2,1024,1024,512,512,0.5099979639053345,0.040081869810819626,False
0.11908251827508787,0.02815905027091503,0.5445400021970273,14.805098640096212,62990661-C-100X.JPG,100,tile,2,3,1024,1536,512,512,0.5231475234031677,0.032035309821367264,False
0.11327411807273512,0.02850211411714554,0.5773764848709106,15.394758401390403,62990661-C-100X.JPG,100,tile,2,4,1024,2048,512,512,0.5190913081169128,0.02306775189936161,False
0.087082767164898,0.025094186887145042,0.5958666801452637,15.912674868706839,62990661-C-100X.JPG,100,tile,2,5,1024,2560,512,512,0.5212382078170776,0.03225385397672653,False
0.05045615384970017,0.018690796568989754,0.5765580363571643,15.895560184930527,62990661-C-100X.JPG,100,tile,2,6,1024,3072,512,384,0.5348812341690063,0.017786961048841476,False
0.06230255858857135,0.021412763744592667,0.5464498244225979,16.07681064991269,62990661-C-100X.JPG,100,tile,3,0,1536,0,512,512,0.4396740794181824,0.05829409882426262,False
0.08054033024351975,0.02409903146326542,0.5730706006288528,15.95995442152025,62990661-C-100X.JPG,100,tile,3,1,1536,512,512,512,0.46836230158805847,0.04753073304891586,False
0.10695480901693724,0.029238710179924965,0.5807725638151169,15.861993486287703,62990661-C-100X.JPG,100,tile,3,2,1536,1024,512,512,0.4827337861061096,0.04142576828598976,False
0.10077712385030071,0.02759644389152527,0.5764990113675592,15.700668737899276,62990661-C-100X.JPG,100,tile,3,3,1536,1536,512,512,0.49104389548301697,0.050081539899110794,False
0.0843154086250286,0.02450796216726303,0.5853098034858704,15.745097217559051,62990661-C-100X.JPG,100,tile,3,4,1536,2048,512,512,0.5056581497192383,0.03019867278635502,False
0.058706495091504204,0.02064763568341732,0.5714015528559683,15.996824720043904,62990661-C-100X.JPG,100,tile,3,5,1536,2560,512,512,0.5189206600189209,0.03049609623849392,False
0.03605324936463405,0.01592683047056198,0.5444980710744858,15.840521128867302,62990661-C-100X.JPG,100,tile,3,6,1536,3072,512,384,0.5421900749206543,0.05104096606373787,False
0.05057409204064953,0.019260959699749947,0.534125129878521,15.659690945508098,62990661-C-100X.JPG,100,tile,4,0,2048,0,256,512,0.4448145627975464,0.046612728387117386,False
0.06300646409710405,0.021245945245027542,0.5727726072072983,15.697601625922372,62990661-C-100X.JPG,100,tile,4,1,2048,512,256,512,0.46151450276374817,0.033631905913352966,False
0.07643230202955922,0.024158062413334846,0.5729333013296127,15.650177816910379,62990661-C-100X.JPG,100,tile,4,2,2048,1024,256,512,0.4709949493408203,0.014320096001029015,False
0.0701219743592423,0.02387726679444313,0.5729978583753109,15.71330218079318,62990661-C-100X.JPG,100,tile,4,3,2048,1536,256,512,0.4701422452926636,0.031486473977565765,False
0.05739843278538085,0.021387645974755287,0.5730209805071353,15.725669745983414,62990661-C-100X.JPG,100,tile,4,4,2048,2048,256,512,0.49517011642456055,0.0524556040763855,False
0.03982795695877638,0.017939520999789238,0.5530231401324273,15.801914114158045,62990661-C-100X.JPG,100,tile,4,5,2048,2560,256,512,0.517440140247345,0.02839827537536621,False
0.026962119981311622,0.014311473816633224,0.5320413805544376,15.562733564441835,62990661-C-100X.JPG,100,tile,4,6,2048,3072,256,384,0.5511729121208191,0.08349980413913727,False
0.015039039886111848,0.025213850662112236,0.5390431582927704,15.835272588460667,62990661-C-200X.JPG,200,image,-1,-1,0,0,2304,3456,0.4933723509311676,0.11109945178031921,True
0.013667957995266034,0.022685864940285683,0.5065411776304245,15.34281241243119,62990661-C-200X.JPG,200,tile,0,0,0,0,512,512,0.5054553747177124,0.038943152874708176,False
0.016064837638163916,0.026278773322701454,0.5324823707342148,15.320413002736192,62990661-C-200X.JPG,200,tile,0,1,0,512,512,512,0.5036423802375793,0.02934093587100506,False
0.01853106136835366,0.02687201090157032,0.5349752619862557,15.11791860764736,62990661-C-200X.JPG,200,tile,0,2,0,1024,512,512,0.5022065043449402,0.01892908662557602,False
0.018961779059843892,0.02842756360769272,0.5487725414335728,15.256215295613378,62990661-C-200X.JPG,200,tile,0,3,0,1536,512,512,0.49602657556533813,0.011445175856351852,False
0.0176303771057586,0.02776799164712429,0.5487490594387054,15.195943920736362,62990661-C-200X.JPG,200,tile,0,4,0,2048,512,512,0.4989689588546753,0.014989734627306461,False
0.013514569997845633,0.024403244256973267,0.5483333319425583,15.267732210211298,62990661-C-200X.JPG,200,tile,0,5,0,2560,512,512,0.5094579458236694,0.01748206838965416,False
0.010682622560180191,0.022161874920129776,0.5473294109106064,15.34830159193845,62990661-C-200X.JPG,200,tile,0,6,0,3072,512,384,0.5220970511436462,0.02762800268828869,False
0.01588091323717008,0.025757843628525734,0.5254470556974411,15.25612884413209,62990661-C-200X.JPG,200,tile,1,0,512,0,512,512,0.48357492685317993,0.029784070327878,False
0.018614044171597614,0.029333574697375298,0.5443450659513474,15.089961920316826,62990661-C-200X.JPG,200,tile,1,1,512,512,512,512,0.48771998286247253,0.02372274547815323,False
0.02383217256924818,0.029882904142141342,0.5249412208795547,14.581068744834251,62990661-C-200X.JPG,200,tile,1,2,512,1024,512,512,0.5009571313858032,0.016642436385154724,False
0.025252614482782893,0.03339668735861778,0.5346587747335434,14.44075409503063,62990661-C-200X.JPG,200,tile,1,3,512,1536,512,512,0.506726086139679,0.012596836313605309,False
0.020679107841699046,0.0325024276971817,0.5508313775062561,15.038952233288294,62990661-C-200X.JPG,200,tile,1,4,512,2048,512,512,0.5075265765190125,0.01236298680305481,False
0.013863524985492665,0.026488905772566795,0.5442739211022853,15.242925759756659,62990661-C-200X.JPG,200,tile,1,5,512,2560,512,512,0.5093184113502502,0.0086566973477602,False
0.0107813828324072,0.023096563294529915,0.5298888579010963,15.261680497365258,62990661-C-200X.JPG,200,tile,1,6,512,3072,512,384,0.5162470936775208,0.013061260804533958,False
0.01445454856898408,0.02491835132241249,0.5184100009500979,15.288876628072291,62990661-C-200X.JPG,200,tile,2,0,1024,0,512,512,0.46458759903907776,0.03350476920604706,False
0.02009129105898677,0.032470040023326874,0.5382549166679382,15.15196629441428,62990661-C-200X.JPG,200,tile,2,1,1024,512,512,512,0.47779107093811035,0.02974119782447815,False
0.025082786400098096,0.03368578851222992,0.5372666269540787,14.347847761837363,62990661-C-200X.JPG,200,tile,2,2,1024,1024,512,512,0.4945380687713623,0.030328214168548584,False
0.024157581517934824,0.0323646143078804,0.5178745090961456,13.844286487478156,62990661-C-200X.JPG,200,tile,2,3,1024,1536,512,512,0.5062682628631592,0.019074179232120514,False
0.017033416167943915,0.02719360962510109,0.5273798190057277,14.298864789296651,62990661-C-200X.JPG,200,tile,2,4,1024,2048,512,512,0.5076367259025574,0.012237480841577053,False
0.012343915099301186,0.025143640115857124,0.5399803966283798,15.06599625900514,62990661-C-200X.JPG,200,tile,2,5,1024,2560,512,512,0.5062990188598633,0.011111137457191944,False
0.008748160448002895,0.019844144582748413,0.5331568866968155,15.120939341365137,62990661-C-200X.JPG,200,tile,2,6,1024,3072,512,384,0.5112550854682922,0.015049638226628304,False
0.011937147863006549,0.021859319880604744,0.5052391886711121,15.061714618229571,62990661-C-200X.JPG,200,tile,3,0,1536,0,512,512,0.4516791105270386,0.030396796762943268,False
0.014121375937405414,0.02578638680279255,0.5261882394552231,14.870560753914772,62990661-C-200X.JPG,200,tile,3,1,1536,512,512,512,0.4672325849533081,0.021251076832413673,False
0.017106497369506382,0.029468338936567307,0.5329058766365051,14.608972284911431,62990661-C-200X.JPG,200,tile,3,2,1536,1024,512,512,0.48091593384742737,0.028724869713187218,False
0.015507462144089882,0.027926351875066757,0.5262041218578815,14.430475201803171,62990661-C-200X.JPG,200,tile,3,3,1536,1536,512,512,0.49026423692703247,0.023204050958156586,False
0.012894661384214186,0.02499227412045002,0.5290145121514798,14.826670404014,62990661-C-200X.JPG,200,tile,3,4,1536,2048,512,512,0.4923006296157837,0.02351801097393036,False
0.00898634575271226,0.020333370193839073,0.5244392156600952,15.10745533693064,62990661-C-200X.JPG,200,tile,3,5,1536,2560,512,512,0.497656911611557,0.019914204254746437,False
0.0075348948246930685,0.01735791377723217,0.519658774137497,15.162847841496925,62990661-C-200X.JPG,200,tile,3,6,1536,3072,512,384,0.5026988983154297,0.01962130144238472,False
0.010343828153229448,0.02063681185245514,0.5121396221220493,14.736455906513516,62990661-C-200X.JPG,200,tile,4,0,2048,0,256,512,0.4544207453727722,0.028326310217380524,False
0.01140348264022652,0.02562950924038887,0.5020314306020737,15.196844456660003,62990661-C-200X.JPG,200,tile,4,1,2048,512,256,512,0.464188814163208,0.009244990535080433,False
0.011292001003573568,0.023468777537345886,0.5187882483005524,14.726998664707741,62990661-C-200X.JPG,200,tile,4,2,2048,1024,256,512,0.47422322630882263,0.015736186876893044,False
0.010100825730015976,0.02072007767856121,0.4870941638946533,14.559990716474303,62990661-C-200X.JPG,200,tile,4,3,2048,1536,256,512,0.4772990942001343,0.016203690320253372,False
0.00817782512045388,0.018949145451188087,0.49364708364009857,14.991945880079502,62990661-C-200X.JPG,200,tile,4,4,2048,2048,256,512,0.47553551197052,0.0218107458204031,False
0.007272415095841483,0.016950109973549843,0.4834645226597786,15.025169620469473,62990661-C-200X.JPG,200,tile,4,5,2048,2560,256,512,0.4863590598106384,0.02146308124065399,False
0.0067323850358907145,0.014319240115582943,0.4897602409124374,14.910332218550352,62990661-C-200X.JPG,200,tile,4,6,2048,3072,256,384,0.4858609437942505,0.026922227814793587,False
0.04610514734630153,0.017046719789505005,0.5576549023389816,16.351610366711828,62990661-R-100X.JPG,100,image,-1,-1,0,0,2304,3456,0.517100989818573,0.23203425109386444,True
0.050126183748024994,0.01911088451743126,0.5589186236262319,16.005725519563704,62990661-R-100X.JPG,100,tile,0,0,0,0,512,512,0.47737181186676025,0.06028294935822487,False
0.06924385131115961,0.023223550990223885,0.5803858987987038,16.051651437634703,62990661-R-100X.JPG,100,tile,0,1,0,512,512,512,0.48155972361564636,0.015539214015007019,False
0.08024202212253996,0.024960415437817574,0.5928588211536407,15.927186586191688,62990661-R-100X.JPG,100,tile,0,2,0,1024,512,512,0.4857584834098816,0.020100818946957588,False
0.07139211067659541,0.023494316264986992,0.5815725177526474,15.873392778551514,62990661-R-100X.JPG,100,tile,0,3,0,1536,512,512,0.4921119213104248,0.048200298100709915,False
0.05088573021516613,0.01984196901321411,0.5702392160892487,15.865608249591554,62990661-R-100X.JPG,100,tile,0,4,0,2048,512,512,0.510276734828949,0.06292809545993805,False
0.03337804796206843,0.01591275818645954,0.5467360675334929,15.92293841241475,62990661-R-100X.JPG,100,tile,0,5,0,2560,512,512,0.52836674451828,0.027218589559197426,False
0.021336104085427025,0.012925569899380207,0.5207647234201431,15.861576987547256,62990661-R-100X.JPG,100,tile,0,6,0,3072,512,384,0.5263888835906982,0.0805719643831253,False
0.05149453159728755,0.019301442429423332,0.557286262512207,15.919886921864983,62990661-R-100X.JPG,100,tile,1,0,512,0,512,512,0.48244524002075195,0.0343577042222023,False
0.07522640586217705,0.023297980427742004,0.5807176381349564,15.70621151954446,62990661-R-100X.JPG,100,tile,1,1,512,512,512,512,0.491018682718277,0.02060132473707199,False
0.09410420428487778,0.026015331968665123,0.5798313915729523,15.322271223587093,62990661-R-100X.JPG,100,tile,1,2,512,1024,512,512,0.5049854516983032,0.04292536899447441,False
0.08828567103875198,0.026554696261882782,0.5658352673053741,15.139577342116308,62990661-R-100X.JPG,100,tile,1,3,512,1536,512,512,0.5159851908683777,0.04842599853873253,False
0.055319477981574695,0.020970705896615982,0.5603068858385085,15.465379269223998,62990661-R-100X.JPG,100,tile,1,4,512,2048,512,512,0.5187681913375854,0.023629017174243927,False
0.03037577170614157,0.015735477209091187,0.5482431650161743,15.940967379294568,62990661-R-100X.JPG,100,tile,1,5,512,2560,512,512,0.5216771960258484,0.02291519194841385,False
0.01928298956898932,0.012592128477990627,0.5200827509164809,15.893953288671254,62990661-R-100X.JPG,100,tile,1,6,512,3072,512,384,0.5349798798561096,0.012745252810418606,False
0.044869717708248213,0.0189029723405838,0.5487059205770493,15.996653068988728,62990661-R-100X.JPG,100,tile,2,0,1024,0,512,512,0.4776548743247986,0.028247497975826263,False
0.06627624201456121,0.022336328402161598,0.5659372806549072,15.651490629480604,62990661-R-100X.JPG,100,tile,2,1,1024,512,512,512,0.49340707063674927,0.02155064418911934,False
0.08344365902356782,0.025117957964539528,0.5626588463783264,14.999982505636648,62990661-R-100X.JPG,100,tile,2,2,1024,1024,512,512,0.5147908329963684,0.036107387393713,False
0.07392154485393371,0.02322540618479252,0.5255255103111267,14.442053103427584,62990661-R-100X.JPG,100,tile,2,3,1024,1536,512,512,0.5387386083602905,0.029189221560955048,False
0.0485284290693979,0.01960604265332222,0.5259058624505997,15.248762471160939,62990661-R-100X.JPG,100,tile,2,4,1024,2048,512,512,0.5375235080718994,0.03468693420290947,False
0.026476309354040856,0.013992923311889172,0.5233792506158352,15.665825669857485,62990661-R-100X.JPG,100,tile,2,5,1024,2560,512,512,0.5453163385391235,0.050583817064762115,False
0.015313422919257635,0.010821947827935219,0.4990510046482086,15.735765540030386,62990661-R-100X.JPG,100,tile,2,6,1024,3072,512,384,0.5584657788276672,0.06346254795789719,False
0.033410564734428015,0.016242465004324913,0.5263249211013317,15.916586194469263,62990661-R-100X.JPG,100,tile,3,0,1536,0,512,512,0.4802435040473938,0.05170696601271629,False
0.042324774326938056,0.017934681847691536,0.5422471016645432,15.79412366710188,62990661-R-100X.JPG,100,tile,3,1,1536,512,512,512,0.4974828362464905,0.031924616545438766,False
0.051454619494041176,0.020390037447214127,0.5423412173986435,15.591773763325122,62990661-R-100X.JPG,100,tile,3,2,1536,1024,512,512,0.5096238255500793,0.030111541971564293,False
0.04256164217215807,0.017712796106934547,0.526043102145195,15.354451947509808,62990661-R-100X.JPG,100,tile,3,3,1536,1536,512,512,0.5296518206596375,0.03518189862370491,False
0.029781150070327004,0.014981538988649845,0.5128217712044716,15.513723496777105,62990661-R-100X.JPG,100,tile,3,4,1536,2048,512,512,0.5493931174278259,0.037151090800762177,False
0.01743581312126577,0.011596951633691788,0.48594120144844055,15.72082306215835,62990661-R-100X.JPG,100,tile,3,5,1536,2560,512,512,0.5623529553413391,0.02924998477101326,False
0.011491471771778413,0.009146521799266338,0.4461501926183701,15.598052321371112,62990661-R-100X.JPG,100,tile,3,6,1536,3072,512,384,0.5768958926200867,0.0282269436866045,False
0.02443822282268269,0.013420595787465572,0.5023621395230293,15.447535152781926,62990661-R-100X.JPG,100,tile,4,0,2048,0,256,512,0.4834435284137726,0.14019076526165009,True
0.027695981146514476,0.01445984747260809,0.528105529397726,15.438774858666946,62990661-R-100X.JPG,100,tile,4,1,2048,512,256,512,0.508502721786499,0.03220020979642868,False
0.028613618134775674,0.015165381133556366,0.506770384311676,15.416034303403151,62990661-R-100X.JPG,100,tile,4,2,2048,1024,256,512,0.5258647203445435,0.03650227561593056,False
0.020763632314721628,0.012846279889345169,0.48652157858014106,15.407895004933305,62990661-R-100X.JPG,100,tile,4,3,2048,1536,256,512,0.530531108379364,0.05122845619916916,False
0.015576725309749679,0.010644501075148582,0.4592527270317078,15.196470713625194,62990661-R-100X.JPG,100,tile,4,4,2048,2048,256,512,0.5707796812057495,0.05779377743601799,False
0.010818314012411234,0.00854116678237915,0.43914510160684583,15.169982043069147,62990661-R-100X.JPG,100,tile,4,5,2048,2560,256,512,0.5770551562309265,0.021632898598909378,False
0.009570972996620518,0.008364669978618622,0.43482566028833386,15.286944701165579,62990661-R-100X.JPG,100,tile,4,6,2048,3072,256,384,0.5728028416633606,0.027678200975060463,False
0.008657724504052725,0.018352748826146126,0.5149137526750565,15.70472882650592,62990661-R-200X.JPG,200,image,-1,-1,0,0,2304,3456,0.4818609952926636,0.12347479909658432,True
0.011196206654759679,0.023196157068014145,0.5233941130340098,15.541581024191627,62990661-R-200X.JPG,200,tile,0,0,0,0,512,512,0.46686747670173645,0.04197831079363823,False
0.012725342373181623,0.023995527997612953,0.5463529378175735,15.262993255080188,62990661-R-200X.JPG,200,tile,0,1,0,512,512,512,0.4691692888736725,0.020923815667629242,False
0.013488435410233108,0.024077270179986954,0.5481568425893784,15.063658484333157,62990661-R-200X.JPG,200,tile,0,2,0,1024,512,512,0.4785696864128113,0.021763278171420097,False
0.014523227243771475,0.029935991391539574,0.5484413750469684,15.457043006389409,62990661-R-200X.JPG,200,tile,0,3,0,1536,512,512,0.4774663746356964,0.03001832216978073,False
0.01015427060894006,0.022596191614866257,0.5449343562126155,15.245417949054016,62990661-R-200X.JPG,200,tile,0,4,0,2048,512,512,0.4808803200721741,0.028733156621456146,False
0.00838642748039021,0.020300740376114845,0.5319686830043793,15.534143676523039,62990661-R-200X.JPG,200,tile,0,5,0,2560,512,512,0.48316410183906555,0.01634194701910019,False
0.007235051328137866,0.01692362129688263,0.5133254922926426,15.430198915480034,62990661-R-200X.JPG,200,tile,0,6,0,3072,512,384,0.4994393587112427,0.045562077313661575,False
0.010672772150437318,0.02333688549697399,0.5220196396112442,15.380785553591299,62990661-R-200X.JPG,200,tile,1,0,512,0,512,512,0.45436128973960876,0.022865312173962593,False
0.012478337999226265,0.02350505255162716,0.5337955139577388,14.878116661759172,62990661-R-200X.JPG,200,tile,1,1,512,512,512,512,0.47207269072532654,0.029064621776342392,False
0.01617850639398539,0.031419411301612854,0.5474196076393127,14.939972123275114,62990661-R-200X.JPG,200,tile,1,2,512,1024,512,512,0.48983797430992126,0.02540350705385208,False
0.013586146010677334,0.02848040871322155,0.5222000181674957,14.672826807228473,62990661-R-200X.JPG,200,tile,1,3,512,1536,512,512,0.499532550573349,0.028208956122398376,False
0.009515868079526566,0.022053932771086693,0.529880017787218,14.697796688328616,62990661-R-200X.JPG,200,tile,1,4,512,2048,512,512,0.5017472505569458,0.02595236711204052,False
0.007531779166074044,0.01942400075495243,0.525396078824997,15.211677509303685,62990661-R-200X.JPG,200,tile,1,5,512,2560,512,512,0.4937382936477661,0.0234638974070549,False
0.00667621065968169,0.016815191134810448,0.5038914069533348,15.546028751206903,62990661-R-200X.JPG,200,tile,1,6,512,3072,512,384,0.49012550711631775,0.012487120926380157,False
0.00928836817351619,0.022579092532396317,0.4985804408788681,15.508323819037038,62990661-R-200X.JPG,200,tile,2,0,1024,0,512,512,0.44276925921440125,0.03261062130331993,False
0.010032963798520412,0.02315586991608143,0.5203686505556107,15.01644500998207,62990661-R-200X.JPG,200,tile,2,1,1024,512,512,512,0.4677730202674866,0.03795557841658592,False
0.011383501348935513,0.025112289935350418,0.5062196254730225,14.425755427286317,62990661-R-200X.JPG,200,tile,2,2,1024,1024,512,512,0.4937170445919037,0.03276528790593147,False
0.009438279197190303,0.022195057943463326,0.47900333553552626,14.1106459924526,62990661-R-200X.JPG,200,tile,2,3,1024,1536,512,512,0.5113640427589417,0.016530774533748627,False
0.007312501919409975,0.018009819090366364,0.4803176522254944,14.368057834255834,62990661-R-200X.JPG,200,tile,2,4,1024,2048,512,512,0.5141066908836365,0.010752980597317219,False
0.006429132415155358,0.016030732542276382,0.47518038749694824,15.032322227170832,62990661-R-200X.JPG,200,tile,2,5,1024,2560,512,512,0.5040095448493958,0.019565915688872337,False
0.005611048922762822,0.013200223445892334,0.45017233267426493,15.08012817584253,62990661-R-200X.JPG,200,tile,2,6,1024,3072,512,384,0.49525704979896545,0.011864379979670048,False
0.00703094292209255,0.01546697597950697,0.4642352908849716,14.956528417242817,62990661-R-200X.JPG,200,tile,3,0,1536,0,512,512,0.43670639395713806,0.02372000180184841,False
0.007468175117055843,0.017904050648212433,0.4745445631444454,14.966017351072052,62990661-R-200X.JPG,200,tile,3,1,1536,512,512,512,0.45412540435791016,0.04894323647022247,False
0.0071870425358979,0.017960773780941963,0.4916805997490883,14.603317347339567,62990661-R-200X.JPG,200,tile,3,2,1536,1024,512,512,0.47851237654685974,0.05716816335916519,False
0.006373978511353208,0.016423160210251808,0.45877918750047686,14.41829694368117,62990661-R-200X.JPG,200,tile,3,3,1536,1536,512,512,0.4997155964374542,0.04193593189120293,False
0.005671252333350198,0.013867040164768696,0.45819999277591705,14.57688808621352,62990661-R-200X.JPG,200,tile,3,4,1536,2048,512,512,0.5063201189041138,0.021538201719522476,False
0.005364042888754427,0.012383200228214264,0.4188884168863296,14.88104502148583,62990661-R-200X.JPG,200,tile,3,5,1536,2560,512,512,0.5015324950218201,0.01881212368607521,False
0.0054324954642570025,0.0112104881554842,0.4322951346635818,14.985819491192476,62990661-R-200X.JPG,200,tile,3,6,1536,3072,512,384,0.4961914122104645,0.011733127757906914,False
0.006441119131340092,0.014372913166880608,0.44377215430140493,14.927821719828145,62990661-R-200X.JPG,200,tile,4,0,2048,0,256,512,0.43108195066452026,0.03109222650527954,False
0.006193537362426995,0.014613412320613861,0.4260170616209507,14.833379873659116,62990661-R-200X.JPG,200,tile,4,1,2048,512,256,512,0.4324393570423126,0.036900442093610764,False
0.005625547910635093,0.013745796866714954,0.44398375004529944,14.629919141988314,62990661-R-200X.JPG,200,tile,4,2,2048,1024,256,512,0.45484742522239685,0.05017588287591934,False
0.005234140334692673,0.012440838851034641,0.410990946739912,14.431480167381089,62990661-R-200X.JPG,200,tile,4,3,2048,1536,256,512,0.48075413703918457,0.03864172101020813,False
0.004921186371926665,0.01123061403632164,0.40685492753982544,14.474699310874954,62990661-R-200X.JPG,200,tile,4,4,2048,2048,256,512,0.4906604290008545,0.016036760061979294,False
0.004873803755575562,0.01064772717654705,0.41574471890926357,14.664883923276244,62990661-R-200X.JPG,200,tile,4,5,2048,2560,256,512,0.4894767701625824,0.014591434970498085,False
0.005030660313216179,0.010072527453303337,0.4386811420321465,14.626666576816945,62990661-R-200X.JPG,200,tile,4,6,2048,3072,256,384,0.48821187019348145,0.0127860764041543,False
